{
  "resourceType" : "ValueSet",
  "id" : "e1e1d451-c417-44f2-8e00-895765423beb-48",
  "url" : "http://hl7.org/fhir/comparison/ValueSet/e1e1d451-c417-44f2-8e00-895765423beb-48",
  "name" : "IntersectionUSCoreObservationSmokingStatusStatusAndObservationStatus",
  "title" : "Intersection of US Core Status for Smoking Status Observation And ObservationStatus",
  "status" : "active",
  "date" : "2021-01-23T14:10:13-05:00",
  "expansion" : {
    "contains" : [{
      "system" : "http://hl7.org/fhir/observation-status",
      "code" : "final",
      "display" : "Final"
    },
    {
      "system" : "http://hl7.org/fhir/observation-status",
      "code" : "entered-in-error",
      "display" : "Entered in Error"
    }]
  }
}