{
  "resourceType" : "ValueSet",
  "id" : "e1e1d451-c417-44f2-8e00-895765423beb-47",
  "url" : "http://hl7.org/fhir/comparison/ValueSet/e1e1d451-c417-44f2-8e00-895765423beb-47",
  "name" : "UnionUSCoreObservationSmokingStatusStatusAndObservationStatus",
  "title" : "Union of US Core Status for Smoking Status Observation And ObservationStatus",
  "status" : "active",
  "date" : "2021-01-23T14:10:13-05:00",
  "jurisdiction" : [{
    "coding" : [{
      "system" : "urn:iso:std:iso:3166",
      "code" : "US",
      "display" : "United States of America"
    }]
  }],
  "compose" : {
    "include" : [{
      "concept" : [{
        "code" : "final"
      },
      {
        "code" : "entered-in-error"
      }]
    }]
  },
  "expansion" : {
    "contains" : [{
      "system" : "http://hl7.org/fhir/observation-status",
      "code" : "final",
      "display" : "Final"
    },
    {
      "system" : "http://hl7.org/fhir/observation-status",
      "code" : "entered-in-error",
      "display" : "Entered in Error"
    },
    {
      "system" : "http://hl7.org/fhir/observation-status",
      "code" : "registered",
      "display" : "Registered"
    },
    {
      "system" : "http://hl7.org/fhir/observation-status",
      "code" : "preliminary",
      "display" : "Preliminary"
    },
    {
      "system" : "http://hl7.org/fhir/observation-status",
      "code" : "amended",
      "display" : "Amended"
    },
    {
      "system" : "http://hl7.org/fhir/observation-status",
      "code" : "corrected",
      "display" : "Corrected"
    },
    {
      "system" : "http://hl7.org/fhir/observation-status",
      "code" : "cancelled",
      "display" : "Cancelled"
    },
    {
      "system" : "http://hl7.org/fhir/observation-status",
      "code" : "unknown",
      "display" : "Unknown"
    }]
  }
}