{"resourceType":"CodeSystem","id":"vaccine-credential-other-code-cs","text":{"status":"generated","div":"<div xmlns=\"http://www.w3.org/1999/xhtml\"><p>This code system http://hl7.org/fhir/us/vaccinecredential/CodeSystem/vaccine-credential-other-code-cs defines the following codes:</p><table class=\"codes\"><tr><td style=\"white-space:nowrap\"><b>Code</b></td><td><b>Display</b></td></tr><tr><td style=\"white-space:nowrap\">OtherVaccine<a name=\"vaccine-credential-other-code-cs-OtherVaccine\"> </a></td><td>Other vaccine without published CVX</td></tr><tr><td style=\"white-space:nowrap\">OtherAntibodyResult<a name=\"vaccine-credential-other-code-cs-OtherAntibodyResult\"> </a></td><td>Other antibody result</td></tr></table></div>"},"url":"http://hl7.org/fhir/us/vaccinecredential/CodeSystem/vaccine-credential-other-code-cs","version":"0.1.0","name":"OtherCode","title":"OtherCode Code System","status":"active","date":"2021-01-23T14:10:07-05:00","publisher":"TBD","contact":[{"name":"TBD","telecom":[{"system":"url","value":"http://example.com"},{"system":"email","value":"example@example.com"}]}],"description":"A code system containing codes that signify a code outside a specified value set has been used, using an 'Other ____, Specify' approach.","jurisdiction":[{"coding":[{"system":"urn:iso:std:iso:3166","code":"US","display":"United States of America"}]}],"content":"complete","count":2,"concept":[{"code":"OtherVaccine","display":"Other vaccine without published CVX"},{"code":"OtherAntibodyResult","display":"Other antibody result"}]}