{"resourceType":"ImplementationGuide","id":"hl7.fhir.us.vaccinecredential","text":{"status":"extensions","div":"<div xmlns=\"http://www.w3.org/1999/xhtml\"><h2>VaccineCredentialIG</h2><p>The official URL for this implementation guide is: </p><pre>http://hl7.org/fhir/us/vaccinecredential/ImplementationGuide/hl7.fhir.us.vaccinecredential</pre></div>"},"url":"http://hl7.org/fhir/us/vaccinecredential/ImplementationGuide/hl7.fhir.us.vaccinecredential","version":"0.1.0","name":"VaccineCredentialIG","title":"Vaccine Credential Implementation Guide","status":"draft","date":"2021-01-23T14:10:07-05:00","publisher":"TBD","contact":[{"name":"TBD","telecom":[{"system":"url","value":"http://example.com"},{"system":"email","value":"example@example.com"}]}],"jurisdiction":[{"coding":[{"system":"urn:iso:std:iso:3166","code":"US","display":"United States of America"}]}],"packageId":"hl7.fhir.us.vaccinecredential","license":"Apache-2.0","fhirVersion":["4.0.1"],"dependsOn":[{"id":"hl7_fhir_us_core","uri":"http://hl7.org/fhir/us/core/ImplementationGuide/hl7.fhir.us.core","packageId":"hl7.fhir.us.core","version":"3.1.1"}],"definition":{"extension":[{"extension":[{"url":"code","valueString":"copyrightyear"},{"url":"value","valueString":"2020+"}],"url":"http://hl7.org/fhir/tools/StructureDefinition/ig-parameter"},{"extension":[{"url":"code","valueString":"releaselabel"},{"url":"value","valueString":"ci-build"}],"url":"http://hl7.org/fhir/tools/StructureDefinition/ig-parameter"},{"extension":[{"url":"code","valueString":"path-history"},{"url":"value","valueString":"http://hl7.org/fhir/us/vaccinecredential/history.html"}],"url":"http://hl7.org/fhir/tools/StructureDefinition/ig-parameter"},{"extension":[{"url":"code","valueString":"path-liquid"},{"url":"value","valueString":"template/liquid"}],"url":"http://hl7.org/fhir/tools/StructureDefinition/ig-parameter"},{"extension":[{"url":"code","valueString":"path-liquid"},{"url":"value","valueString":"input/liquid"}],"url":"http://hl7.org/fhir/tools/StructureDefinition/ig-parameter"},{"extension":[{"url":"code","valueString":"path-qa"},{"url":"value","valueString":"temp/qa"}],"url":"http://hl7.org/fhir/tools/StructureDefinition/ig-parameter"},{"extension":[{"url":"code","valueString":"path-temp"},{"url":"value","valueString":"temp/pages"}],"url":"http://hl7.org/fhir/tools/StructureDefinition/ig-parameter"},{"extension":[{"url":"code","valueString":"path-output"},{"url":"value","valueString":"output"}],"url":"http://hl7.org/fhir/tools/StructureDefinition/ig-parameter"},{"extension":[{"url":"code","valueString":"path-suppressed-warnings"},{"url":"value","valueString":"input/ignoreWarnings.txt"}],"url":"http://hl7.org/fhir/tools/StructureDefinition/ig-parameter"},{"extension":[{"url":"code","valueString":"template-html"},{"url":"value","valueString":"template-page.html"}],"url":"http://hl7.org/fhir/tools/StructureDefinition/ig-parameter"},{"extension":[{"url":"code","valueString":"template-md"},{"url":"value","valueString":"template-page-md.html"}],"url":"http://hl7.org/fhir/tools/StructureDefinition/ig-parameter"},{"extension":[{"url":"code","valueString":"apply-contact"},{"url":"value","valueString":"true"}],"url":"http://hl7.org/fhir/tools/StructureDefinition/ig-parameter"},{"extension":[{"url":"code","valueString":"apply-context"},{"url":"value","valueString":"true"}],"url":"http://hl7.org/fhir/tools/StructureDefinition/ig-parameter"},{"extension":[{"url":"code","valueString":"apply-copyright"},{"url":"value","valueString":"true"}],"url":"http://hl7.org/fhir/tools/StructureDefinition/ig-parameter"},{"extension":[{"url":"code","valueString":"apply-jurisdiction"},{"url":"value","valueString":"true"}],"url":"http://hl7.org/fhir/tools/StructureDefinition/ig-parameter"},{"extension":[{"url":"code","valueString":"apply-license"},{"url":"value","valueString":"true"}],"url":"http://hl7.org/fhir/tools/StructureDefinition/ig-parameter"},{"extension":[{"url":"code","valueString":"apply-publisher"},{"url":"value","valueString":"true"}],"url":"http://hl7.org/fhir/tools/StructureDefinition/ig-parameter"},{"extension":[{"url":"code","valueString":"apply-version"},{"url":"value","valueString":"true"}],"url":"http://hl7.org/fhir/tools/StructureDefinition/ig-parameter"},{"extension":[{"url":"code","valueString":"active-tables"},{"url":"value","valueString":"true"}],"url":"http://hl7.org/fhir/tools/StructureDefinition/ig-parameter"}],"grouping":[{"id":"_str_profile","name":"Structures: Resource Profiles","description":"These define constraints on FHIR resources for systems conforming to this implementation guide"},{"id":"_str_extension","name":"Structures: Extension Definitions","description":"These define constraints on FHIR data types for systems conforming to this implementation guide"},{"id":"_term_valueset","name":"Terminology: Value Sets","description":"These define sets of codes used by systems conforming to this implementation guide"},{"id":"_term_codesystem","name":"Terminology: Code Systems","description":"These define new code systems used by systems conforming to this implementation guide"},{"id":"_ex_example","name":"Example: Example Instances","description":"These are example instances that show what data produced and consumed by systems conforming with this implementation guide might look like"}],"resource":[{"extension":[{"url":"http://hl7.org/fhir/StructureDefinition/implementationguide-page","valueUri":"StructureDefinition-vaccine-credential-bundle.html"}],"reference":{"reference":"StructureDefinition/vaccine-credential-bundle"},"name":"Vaccine Credential Bundle","description":"The bundle of resources that represents the clinical content of a digital vaccination record.","exampleBoolean":false,"groupingId":"_str_profile"},{"extension":[{"url":"http://hl7.org/fhir/StructureDefinition/implementationguide-page","valueUri":"StructureDefinition-vaccine-credential-immune-status.html"}],"reference":{"reference":"StructureDefinition/vaccine-credential-immune-status"},"name":"Immune Status Profile","description":"Defines constraints and extensions on the observation resource for the minimal set of data to query and retrieve vaccine credential immune status.","exampleBoolean":false,"groupingId":"_str_profile"},{"extension":[{"url":"http://hl7.org/fhir/StructureDefinition/implementationguide-page","valueUri":"StructureDefinition-vaccine-credential-immunization.html"}],"reference":{"reference":"StructureDefinition/vaccine-credential-immunization"},"name":"Immunization Profile","description":"Defines a profile representing a vaccination for a vaccine credential Health Card.","exampleBoolean":false,"groupingId":"_str_profile"},{"extension":[{"url":"http://hl7.org/fhir/StructureDefinition/implementationguide-page","valueUri":"StructureDefinition-vaccine-credential-patient.html"}],"reference":{"reference":"StructureDefinition/vaccine-credential-patient"},"name":"Patient Profile","description":"***Currently this profile does not modify USCorePatientProfile, and can be removed if\n                USCorePatientProfile is sufficient for our use cases.***","exampleBoolean":false,"groupingId":"_str_profile"},{"extension":[{"url":"http://hl7.org/fhir/StructureDefinition/implementationguide-page","valueUri":"StructureDefinition-vaccine-credential-vaccine-reaction-observation.html"}],"reference":{"reference":"StructureDefinition/vaccine-credential-vaccine-reaction-observation"},"name":"Vaccine Reaction Observation Profile","description":"Profile for reporting a reaction to a vaccine.\n\nThis profile may not be necessary depending on the use cases for this IG, but it's included for now because\nwe wanted to have value sets corresponding to all the value sets in the IIS core data elements. In this\nprofile, VaccineCredentialVaccineReactionValueSet includes the IIS adverse reaction codes.","exampleBoolean":false,"groupingId":"_str_profile"},{"extension":[{"url":"http://hl7.org/fhir/StructureDefinition/implementationguide-page","valueUri":"StructureDefinition-vaccine-credential-target-disease.html"}],"reference":{"reference":"StructureDefinition/vaccine-credential-target-disease"},"name":"Target disease of the observation","description":"Disease ","exampleBoolean":false,"groupingId":"_str_extension"},{"extension":[{"url":"http://hl7.org/fhir/StructureDefinition/implementationguide-page","valueUri":"ValueSet-vaccine-credential-antibody-result-value-set.html"}],"reference":{"reference":"ValueSet/vaccine-credential-antibody-result-value-set"},"name":"Antibody results value set","description":"Result codes for SARS coronavirus 2 antibodies","exampleBoolean":false,"groupingId":"_term_valueset"},{"extension":[{"url":"http://hl7.org/fhir/StructureDefinition/implementationguide-page","valueUri":"ValueSet-vaccine-credential-cvx-value-set.html"}],"reference":{"reference":"ValueSet/vaccine-credential-cvx-value-set"},"name":"CVX codes value set","description":"Curated set of CVX codes for the vaccine credential Health Card","exampleBoolean":false,"groupingId":"_term_valueset"},{"extension":[{"url":"http://hl7.org/fhir/StructureDefinition/implementationguide-page","valueUri":"ValueSet-vaccine-credential-funding-source-value-set.html"}],"reference":{"reference":"ValueSet/vaccine-credential-funding-source-value-set"},"name":"Funding source value set","description":"Funding source for the vaccine","exampleBoolean":false,"groupingId":"_term_valueset"},{"extension":[{"url":"http://hl7.org/fhir/StructureDefinition/implementationguide-page","valueUri":"ValueSet-vaccine-credential-report-origin-value-set.html"}],"reference":{"reference":"ValueSet/vaccine-credential-report-origin-value-set"},"name":"Secondarily reported record source value set","description":"Source of secondarily reported records","exampleBoolean":false,"groupingId":"_term_valueset"},{"extension":[{"url":"http://hl7.org/fhir/StructureDefinition/implementationguide-page","valueUri":"ValueSet-vaccine-credential-status-reason-value-set.html"}],"reference":{"reference":"ValueSet/vaccine-credential-status-reason-value-set"},"name":"Status reason value set","description":"Reasons a vaccine was not given","exampleBoolean":false,"groupingId":"_term_valueset"},{"extension":[{"url":"http://hl7.org/fhir/StructureDefinition/implementationguide-page","valueUri":"ValueSet-vaccine-credential-target-disease-value-set.html"}],"reference":{"reference":"ValueSet/vaccine-credential-target-disease-value-set"},"name":"Target disease value set","description":"Disease targeted by the vaccination or other observation","exampleBoolean":false,"groupingId":"_term_valueset"},{"extension":[{"url":"http://hl7.org/fhir/StructureDefinition/implementationguide-page","valueUri":"ValueSet-vaccine-credential-vaccine-reaction-value-set.html"}],"reference":{"reference":"ValueSet/vaccine-credential-vaccine-reaction-value-set"},"name":"Adverse reaction value set","description":"Codes describing reactions to vaccinations","exampleBoolean":false,"groupingId":"_term_valueset"},{"extension":[{"url":"http://hl7.org/fhir/StructureDefinition/implementationguide-page","valueUri":"ValueSet-vaccine-credential-vaccine-route-value-set.html"}],"reference":{"reference":"ValueSet/vaccine-credential-vaccine-route-value-set"},"name":"Vaccination route value set","description":"How vaccine entered the body","exampleBoolean":false,"groupingId":"_term_valueset"},{"extension":[{"url":"http://hl7.org/fhir/StructureDefinition/implementationguide-page","valueUri":"ValueSet-vaccine-credential-vaccine-site-value-set.html"}],"reference":{"reference":"ValueSet/vaccine-credential-vaccine-site-value-set"},"name":"Body site for vaccine administration value set","description":"Body site vaccine was administered","exampleBoolean":false,"groupingId":"_term_valueset"},{"extension":[{"url":"http://hl7.org/fhir/StructureDefinition/implementationguide-page","valueUri":"CodeSystem-vaccine-credential-other-code-cs.html"}],"reference":{"reference":"CodeSystem/vaccine-credential-other-code-cs"},"name":"OtherCode Code System","description":"A code system containing codes that signify a code outside a specified value set has been used, using an 'Other ____, Specify' approach.","exampleBoolean":false,"groupingId":"_term_codesystem"},{"extension":[{"url":"http://hl7.org/fhir/StructureDefinition/implementationguide-page","valueUri":"Immunization-ExampleImmunizationNoCVX.html"}],"reference":{"reference":"Immunization/ExampleImmunizationNoCVX"},"name":"Example: Immunization where the CVX is not known","exampleCanonical":"http://hl7.org/fhir/us/vaccinecredential/StructureDefinition/vaccine-credential-immunization","groupingId":"_ex_example"},{"extension":[{"url":"http://hl7.org/fhir/StructureDefinition/implementationguide-page","valueUri":"Bundle-Scenario1Bundle.html"}],"reference":{"reference":"Bundle/Scenario1Bundle"},"name":"Scenario 1: Example Bundle","exampleCanonical":"http://hl7.org/fhir/us/vaccinecredential/StructureDefinition/vaccine-credential-bundle","groupingId":"_ex_example"},{"extension":[{"url":"http://hl7.org/fhir/StructureDefinition/implementationguide-page","valueUri":"Immunization-Scenario1Immunization1.html"}],"reference":{"reference":"Immunization/Scenario1Immunization1"},"name":"Scenario 1: Example Immunization 1","exampleCanonical":"http://hl7.org/fhir/us/vaccinecredential/StructureDefinition/vaccine-credential-immunization","groupingId":"_ex_example"},{"extension":[{"url":"http://hl7.org/fhir/StructureDefinition/implementationguide-page","valueUri":"Immunization-Scenario1Immunization2.html"}],"reference":{"reference":"Immunization/Scenario1Immunization2"},"name":"Scenario 1: Example Immunization 2","exampleCanonical":"http://hl7.org/fhir/us/vaccinecredential/StructureDefinition/vaccine-credential-immunization","groupingId":"_ex_example"},{"extension":[{"url":"http://hl7.org/fhir/StructureDefinition/implementationguide-page","valueUri":"Location-Scenario1Location.html"}],"reference":{"reference":"Location/Scenario1Location"},"name":"Scenario 1: Example Location","exampleBoolean":true,"groupingId":"_ex_example"},{"extension":[{"url":"http://hl7.org/fhir/StructureDefinition/implementationguide-page","valueUri":"Patient-Scenario1Patient.html"}],"reference":{"reference":"Patient/Scenario1Patient"},"name":"Scenario 1: Example Patient","exampleCanonical":"http://hl7.org/fhir/us/vaccinecredential/StructureDefinition/vaccine-credential-patient","groupingId":"_ex_example"},{"extension":[{"url":"http://hl7.org/fhir/StructureDefinition/implementationguide-page","valueUri":"Bundle-Scenario2Bundle.html"}],"reference":{"reference":"Bundle/Scenario2Bundle"},"name":"Scenario 2: Example Bundle","exampleCanonical":"http://hl7.org/fhir/us/vaccinecredential/StructureDefinition/vaccine-credential-bundle","groupingId":"_ex_example"},{"extension":[{"url":"http://hl7.org/fhir/StructureDefinition/implementationguide-page","valueUri":"Immunization-Scenario2Immunization1.html"}],"reference":{"reference":"Immunization/Scenario2Immunization1"},"name":"Scenario 2: Example Immunization 1","exampleCanonical":"http://hl7.org/fhir/us/vaccinecredential/StructureDefinition/vaccine-credential-immunization","groupingId":"_ex_example"},{"extension":[{"url":"http://hl7.org/fhir/StructureDefinition/implementationguide-page","valueUri":"Immunization-Scenario2Immunization2.html"}],"reference":{"reference":"Immunization/Scenario2Immunization2"},"name":"Scenario 2: Example Immunization 2","exampleCanonical":"http://hl7.org/fhir/us/vaccinecredential/StructureDefinition/vaccine-credential-immunization","groupingId":"_ex_example"},{"extension":[{"url":"http://hl7.org/fhir/StructureDefinition/implementationguide-page","valueUri":"Location-Scenario2Location.html"}],"reference":{"reference":"Location/Scenario2Location"},"name":"Scenario 2: Example Location","exampleBoolean":true,"groupingId":"_ex_example"},{"extension":[{"url":"http://hl7.org/fhir/StructureDefinition/implementationguide-page","valueUri":"Patient-Scenario2Patient.html"}],"reference":{"reference":"Patient/Scenario2Patient"},"name":"Scenario 2: Example Patient","exampleCanonical":"http://hl7.org/fhir/us/vaccinecredential/StructureDefinition/vaccine-credential-patient","groupingId":"_ex_example"}],"page":{"nameUrl":"toc.html","title":"Table of Contents","generation":"html","page":[{"nameUrl":"index.html","title":"Home","generation":"markdown"},{"nameUrl":"artifacts.html","title":"Artifacts Summary","generation":"html","page":[{"nameUrl":"StructureDefinition-vaccine-credential-bundle.html","title":"Vaccine Credential Bundle","generation":"generated"},{"nameUrl":"StructureDefinition-vaccine-credential-immune-status.html","title":"Immune Status Profile","generation":"generated"},{"nameUrl":"StructureDefinition-vaccine-credential-immunization.html","title":"Immunization Profile","generation":"generated"},{"nameUrl":"StructureDefinition-vaccine-credential-patient.html","title":"Patient Profile","generation":"generated"},{"nameUrl":"StructureDefinition-vaccine-credential-vaccine-reaction-observation.html","title":"Vaccine Reaction Observation Profile","generation":"generated"},{"nameUrl":"StructureDefinition-vaccine-credential-target-disease.html","title":"Target disease of the observation","generation":"generated"},{"nameUrl":"ValueSet-vaccine-credential-antibody-result-value-set.html","title":"Antibody results value set","generation":"generated"},{"nameUrl":"ValueSet-vaccine-credential-cvx-value-set.html","title":"CVX codes value set","generation":"generated"},{"nameUrl":"ValueSet-vaccine-credential-funding-source-value-set.html","title":"Funding source value set","generation":"generated"},{"nameUrl":"ValueSet-vaccine-credential-report-origin-value-set.html","title":"Secondarily reported record source value set","generation":"generated"},{"nameUrl":"ValueSet-vaccine-credential-status-reason-value-set.html","title":"Status reason value set","generation":"generated"},{"nameUrl":"ValueSet-vaccine-credential-target-disease-value-set.html","title":"Target disease value set","generation":"generated"},{"nameUrl":"ValueSet-vaccine-credential-vaccine-reaction-value-set.html","title":"Adverse reaction value set","generation":"generated"},{"nameUrl":"ValueSet-vaccine-credential-vaccine-route-value-set.html","title":"Vaccination route value set","generation":"generated"},{"nameUrl":"ValueSet-vaccine-credential-vaccine-site-value-set.html","title":"Body site for vaccine administration value set","generation":"generated"},{"nameUrl":"CodeSystem-vaccine-credential-other-code-cs.html","title":"OtherCode Code System","generation":"generated"},{"nameUrl":"Immunization-ExampleImmunizationNoCVX.html","title":"Example: Immunization where the CVX is not known","generation":"generated"},{"nameUrl":"Bundle-Scenario1Bundle.html","title":"Scenario 1: Example Bundle","generation":"generated"},{"nameUrl":"Immunization-Scenario1Immunization1.html","title":"Scenario 1: Example Immunization 1","generation":"generated"},{"nameUrl":"Immunization-Scenario1Immunization2.html","title":"Scenario 1: Example Immunization 2","generation":"generated"},{"nameUrl":"Location-Scenario1Location.html","title":"Scenario 1: Example Location","generation":"generated"},{"nameUrl":"Patient-Scenario1Patient.html","title":"Scenario 1: Example Patient","generation":"generated"},{"nameUrl":"Bundle-Scenario2Bundle.html","title":"Scenario 2: Example Bundle","generation":"generated"},{"nameUrl":"Immunization-Scenario2Immunization1.html","title":"Scenario 2: Example Immunization 1","generation":"generated"},{"nameUrl":"Immunization-Scenario2Immunization2.html","title":"Scenario 2: Example Immunization 2","generation":"generated"},{"nameUrl":"Location-Scenario2Location.html","title":"Scenario 2: Example Location","generation":"generated"},{"nameUrl":"Patient-Scenario2Patient.html","title":"Scenario 2: Example Patient","generation":"generated"}]}]},"parameter":[{"code":"path-resource","value":"input/capabilities"},{"code":"path-resource","value":"input/examples"},{"code":"path-resource","value":"input/extensions"},{"code":"path-resource","value":"input/models"},{"code":"path-resource","value":"input/operations"},{"code":"path-resource","value":"input/profiles"},{"code":"path-resource","value":"input/resources"},{"code":"path-resource","value":"input/vocabulary"},{"code":"path-resource","value":"input/maps"},{"code":"path-resource","value":"input/testing"},{"code":"path-resource","value":"input/history"},{"code":"path-resource","value":"fsh-generated/resources"},{"code":"path-pages","value":"template/config"},{"code":"path-pages","value":"input/images"},{"code":"path-tx-cache","value":"input-cache/txcache"}]}}