{"resourceType":"ValueSet","id":"vaccine-credential-funding-source-value-set","text":{"status":"generated","div":"<div xmlns=\"http://www.w3.org/1999/xhtml\"><p>This value set includes codes based on the following rules:</p><ul><li>Include all codes defined in <code>https://phinvads.cdc.gov/vads/ViewValueSet.action?oid=2.16.840.1.114222.4.11.3287</code></li><li>Include all codes defined in <code>http://hl7.org/fhir/ValueSet/immunization-funding-source</code></li></ul></div>"},"url":"http://hl7.org/fhir/us/vaccinecredential/ValueSet/vaccine-credential-funding-source-value-set","version":"0.1.0","name":"VaccineCredentialFundingSourceValueSet","title":"Funding source value set","status":"active","date":"2021-01-23T14:10:07-05:00","publisher":"TBD","contact":[{"name":"TBD","telecom":[{"system":"url","value":"http://example.com"},{"system":"email","value":"example@example.com"}]}],"description":"Funding source for the vaccine","jurisdiction":[{"coding":[{"system":"urn:iso:std:iso:3166","code":"US","display":"United States of America"}]}],"compose":{"include":[{"system":"https://phinvads.cdc.gov/vads/ViewValueSet.action?oid=2.16.840.1.114222.4.11.3287"},{"system":"http://hl7.org/fhir/ValueSet/immunization-funding-source"}]}}