{"resourceType":"ValueSet","id":"vaccine-credential-cvx-value-set","text":{"status":"generated","div":"<div xmlns=\"http://www.w3.org/1999/xhtml\"><p>This value set includes codes based on the following rules:</p><ul><li>Include all codes defined in <a href=\"https://terminology.hl7.org/1.0.0//CodeSystem-CVX.html\"><code>http://hl7.org/fhir/sid/cvx</code></a></li><li>Include these codes as defined in <a href=\"CodeSystem-vaccine-credential-other-code-cs.html\"><code>http://hl7.org/fhir/us/vaccinecredential/CodeSystem/vaccine-credential-other-code-cs</code></a><table class=\"none\"><tr><td style=\"white-space:nowrap\"><b>Code</b></td><td><b>Display</b></td></tr><tr><td><a href=\"CodeSystem-vaccine-credential-other-code-cs.html#vaccine-credential-other-code-cs-OtherVaccine\">OtherVaccine</a></td><td>Other vaccine without published CVX</td></tr></table></li></ul></div>"},"url":"http://hl7.org/fhir/us/vaccinecredential/ValueSet/vaccine-credential-cvx-value-set","version":"0.1.0","name":"VaccineCredentialCVXValueSet","title":"CVX codes value set","status":"active","date":"2021-01-23T14:10:07-05:00","publisher":"TBD","contact":[{"name":"TBD","telecom":[{"system":"url","value":"http://example.com"},{"system":"email","value":"example@example.com"}]}],"description":"Curated set of CVX codes for the vaccine credential Health Card","jurisdiction":[{"coding":[{"system":"urn:iso:std:iso:3166","code":"US","display":"United States of America"}]}],"compose":{"include":[{"system":"http://hl7.org/fhir/sid/cvx"},{"system":"http://hl7.org/fhir/us/vaccinecredential/CodeSystem/vaccine-credential-other-code-cs","concept":[{"code":"OtherVaccine"}]}]}}