{"resourceType":"ValueSet","id":"vaccine-credential-report-origin-value-set","text":{"status":"generated","div":"<div xmlns=\"http://www.w3.org/1999/xhtml\"><p>This value set includes codes based on the following rules:</p><ul><li>Include all codes defined in <code>http://hl7.org/fhir/ValueSet/immunization-origin</code></li><li>Include all codes defined in <code>https://phinvads.cdc.gov/vads/ViewCodeSystem.action?id=2.16.840.1.114222.4.5.293</code></li></ul></div>"},"url":"http://hl7.org/fhir/us/vaccinecredential/ValueSet/vaccine-credential-report-origin-value-set","version":"0.1.0","name":"VaccineCredentialReportOriginValueSet","title":"Secondarily reported record source value set","status":"active","date":"2021-01-23T14:10:07-05:00","publisher":"TBD","contact":[{"name":"TBD","telecom":[{"system":"url","value":"http://example.com"},{"system":"email","value":"example@example.com"}]}],"description":"Source of secondarily reported records","jurisdiction":[{"coding":[{"system":"urn:iso:std:iso:3166","code":"US","display":"United States of America"}]}],"compose":{"include":[{"system":"http://hl7.org/fhir/ValueSet/immunization-origin"},{"system":"https://phinvads.cdc.gov/vads/ViewCodeSystem.action?id=2.16.840.1.114222.4.5.293"}]}}