<?xml version="1.0" encoding="UTF-8"?>

<Patient xmlns="http://hl7.org/fhir">
  <id value="Scenario2Patient"/>
  <meta>
    <profile value="http://hl7.org/fhir/us/vaccinecredential/StructureDefinition/vaccine-credential-patient"/>
  </meta>
  <text>
    <status value="generated"/><div xmlns="http://www.w3.org/1999/xhtml"><p><b>Generated Narrative</b></p><p><b>identifier</b>: Medical Record Number: m421 (USUAL)</p><p><b>name</b>: Jane C. Anyperson </p><p><b>gender</b>: male</p><p><b>birthDate</b>: 1961-01-20</p><p><b>address</b>: 321 State St Somecity 12345 US </p><h3>Contacts</h3><table class="grid"><tr><td>-</td><td><b>Telecom</b></td></tr><tr><td>*</td><td>ph: 555-555-5555(HOME), <a href="mailto:jane.anyperson@example.com">jane.anyperson@example.com</a></td></tr></table><h3>Communications</h3><table class="grid"><tr><td>-</td><td><b>Language</b></td></tr><tr><td>*</td><td><span title="Codes: {urn:ietf:bcp:47 en-US}">English</span></td></tr></table></div>
  </text>
  <identifier>
    <use value="usual"/>
    <type>
      <coding>
        <system value="http://terminology.hl7.org/CodeSystem/v2-0203"/>
        <code value="MR"/>
        <display value="Medical Record Number"/>
      </coding>
    </type>
    <system value="http://hospital.example.org"/>
    <value value="m421"/>
  </identifier>
  <name>
    <family value="Anyperson"/>
    <given value="Jane"/>
    <given value="C."/>
  </name>
  <gender value="male"/>
  <birthDate value="1961-01-20"/>
  <address>
    <line value="321 State St"/>
    <city value="Somecity"/>
    <postalCode value="12345"/>
    <country value="US"/>
  </address>
  <contact>
    <telecom>
      <system value="phone"/>
      <value value="555-555-5555"/>
      <use value="home"/>
    </telecom>
    <telecom>
      <system value="email"/>
      <value value="jane.anyperson@example.com"/>
    </telecom>
  </contact>
  <communication>
    <language>
      <coding>
        <system value="urn:ietf:bcp:47"/>
        <code value="en-US"/>
        <display value="English (Region=United States)"/>
      </coding>
      <text value="English"/>
    </language>
  </communication>
</Patient>