<?xml version="1.0" encoding="UTF-8"?>

<ValueSet xmlns="http://hl7.org/fhir">
  <id value="vaccine-credential-status-reason-value-set"/>
  <text>
    <status value="extensions"/><div xmlns="http://www.w3.org/1999/xhtml"><p>This value set includes codes based on the following rules:</p><ul><li>Include these codes as defined in <a href="https://terminology.hl7.org/1.0.0//CodeSystem-v3-ActReason.html"><code>http://terminology.hl7.org/CodeSystem/v3-ActReason</code></a><table class="none"><tr><td style="white-space:nowrap"><b>Code</b></td><td><b>Display</b></td><td><b>Definition</b></td></tr><tr><td><a href="https://terminology.hl7.org/1.0.0//CodeSystem-v3-ActReason.html#v3-ActReason-IMMUNE">IMMUNE</a></td><td>immunity</td><td>**Definition:**Testing has shown that the patient already has immunity to the agent targeted by the immunization.</td></tr><tr><td><a href="https://terminology.hl7.org/1.0.0//CodeSystem-v3-ActReason.html#v3-ActReason-MEDPREC">MEDPREC</a></td><td>medical precaution</td><td>**Definition:**The patient currently has a medical condition for which the vaccine is contraindicated or for which precaution is warranted.</td></tr><tr><td><a href="https://terminology.hl7.org/1.0.0//CodeSystem-v3-ActReason.html#v3-ActReason-OSTOCK">OSTOCK</a></td><td>product out of stock</td><td>**Definition:**There was no supply of the product on hand to perform the service.</td></tr><tr><td><a href="https://terminology.hl7.org/1.0.0//CodeSystem-v3-ActReason.html#v3-ActReason-PATOBJ">PATOBJ</a></td><td>patient objection</td><td>**Definition:**The patient or their guardian objects to receiving the vaccine.</td></tr></table></li><li>Include all codes defined in <code>https://phinvads.cdc.gov/vads/ViewValueSet.action?oid=2.16.840.1.114222.4.11.3380</code></li></ul></div>
  </text>
  <url value="http://hl7.org/fhir/us/vaccinecredential/ValueSet/vaccine-credential-status-reason-value-set"/>
  <version value="0.1.0"/>
  <name value="VaccineCredentialStatusReasonValueSet"/>
  <title value="Status reason value set"/>
  <status value="active"/>
  <date value="2021-01-23T14:10:07-05:00"/>
  <publisher value="TBD"/>
  <contact>
    <name value="TBD"/>
    <telecom>
      <system value="url"/>
      <value value="http://example.com"/>
    </telecom>
    <telecom>
      <system value="email"/>
      <value value="example@example.com"/>
    </telecom>
  </contact>
  <description value="Reasons a vaccine was not given"/>
  <jurisdiction>
    <coding>
      <system value="urn:iso:std:iso:3166"/>
      <code value="US"/>
      <display value="United States of America"/>
    </coding>
  </jurisdiction>
  <compose>
    <include>
      <system value="http://terminology.hl7.org/CodeSystem/v3-ActReason"/>
      <concept>
        <code value="IMMUNE"/>
      </concept>
      <concept>
        <code value="MEDPREC"/>
      </concept>
      <concept>
        <code value="OSTOCK"/>
      </concept>
      <concept>
        <code value="PATOBJ"/>
      </concept>
    </include>
    <include>
      <system value="https://phinvads.cdc.gov/vads/ViewValueSet.action?oid=2.16.840.1.114222.4.11.3380"/>
    </include>
  </compose>
</ValueSet>