<?xml version="1.0" encoding="UTF-8"?><CodeSystem xmlns="http://hl7.org/fhir"><id value="vaccine-credential-other-code-cs"/><text><status value="generated"/><div xmlns="http://www.w3.org/1999/xhtml"><p>This code system http://hl7.org/fhir/us/vaccinecredential/CodeSystem/vaccine-credential-other-code-cs defines the following codes:</p><table class="codes"><tr><td style="white-space:nowrap"><b>Code</b></td><td><b>Display</b></td></tr><tr><td style="white-space:nowrap">OtherVaccine<a name="vaccine-credential-other-code-cs-OtherVaccine"> </a></td><td>Other vaccine without published CVX</td></tr><tr><td style="white-space:nowrap">OtherAntibodyResult<a name="vaccine-credential-other-code-cs-OtherAntibodyResult"> </a></td><td>Other antibody result</td></tr></table></div></text><url value="http://hl7.org/fhir/us/vaccinecredential/CodeSystem/vaccine-credential-other-code-cs"/><version value="0.1.0"/><name value="OtherCode"/><title value="OtherCode Code System"/><status value="active"/><date value="2021-01-23T14:10:07-05:00"/><publisher value="TBD"/><contact><name value="TBD"/><telecom><system value="url"/><value value="http://example.com"/></telecom><telecom><system value="email"/><value value="example@example.com"/></telecom></contact><description value="A code system containing codes that signify a code outside a specified value set has been used, using an &#39;Other ____, Specify&#39; approach."/><jurisdiction><coding><system value="urn:iso:std:iso:3166"/><code value="US"/><display value="United States of America"/></coding></jurisdiction><content value="complete"/><count value="2"/><concept><code value="OtherVaccine"/><display value="Other vaccine without published CVX"/></concept><concept><code value="OtherAntibodyResult"/><display value="Other antibody result"/></concept></CodeSystem>