<?xml version="1.0" encoding="UTF-8"?><ImplementationGuide xmlns="http://hl7.org/fhir"><id value="hl7.fhir.us.vaccinecredential"/><text><status value="extensions"/><div xmlns="http://www.w3.org/1999/xhtml"><h2>VaccineCredentialIG</h2><p>The official URL for this implementation guide is: </p><pre>http://hl7.org/fhir/us/vaccinecredential/ImplementationGuide/hl7.fhir.us.vaccinecredential</pre></div></text><url value="http://hl7.org/fhir/us/vaccinecredential/ImplementationGuide/hl7.fhir.us.vaccinecredential"/><version value="0.1.0"/><name value="VaccineCredentialIG"/><title value="Vaccine Credential Implementation Guide"/><status value="draft"/><date value="2021-01-23T14:10:07-05:00"/><publisher value="TBD"/><contact><name value="TBD"/><telecom><system value="url"/><value value="http://example.com"/></telecom><telecom><system value="email"/><value value="example@example.com"/></telecom></contact><jurisdiction><coding><system value="urn:iso:std:iso:3166"/><code value="US"/><display value="United States of America"/></coding></jurisdiction><packageId value="hl7.fhir.us.vaccinecredential"/><license value="Apache-2.0"/><fhirVersion value="4.0.1"/><dependsOn id="hl7_fhir_us_core"><uri value="http://hl7.org/fhir/us/core/ImplementationGuide/hl7.fhir.us.core"/><packageId value="hl7.fhir.us.core"/><version value="3.1.1"/></dependsOn><definition><extension url="http://hl7.org/fhir/tools/StructureDefinition/ig-parameter"><extension url="code"><valueString value="copyrightyear"/></extension><extension url="value"><valueString value="2020+"/></extension></extension><extension url="http://hl7.org/fhir/tools/StructureDefinition/ig-parameter"><extension url="code"><valueString value="releaselabel"/></extension><extension url="value"><valueString value="ci-build"/></extension></extension><extension url="http://hl7.org/fhir/tools/StructureDefinition/ig-parameter"><extension url="code"><valueString value="path-history"/></extension><extension url="value"><valueString value="http://hl7.org/fhir/us/vaccinecredential/history.html"/></extension></extension><extension url="http://hl7.org/fhir/tools/StructureDefinition/ig-parameter"><extension url="code"><valueString value="path-liquid"/></extension><extension url="value"><valueString value="template/liquid"/></extension></extension><extension url="http://hl7.org/fhir/tools/StructureDefinition/ig-parameter"><extension url="code"><valueString value="path-liquid"/></extension><extension url="value"><valueString value="input/liquid"/></extension></extension><extension url="http://hl7.org/fhir/tools/StructureDefinition/ig-parameter"><extension url="code"><valueString value="path-qa"/></extension><extension url="value"><valueString value="temp/qa"/></extension></extension><extension url="http://hl7.org/fhir/tools/StructureDefinition/ig-parameter"><extension url="code"><valueString value="path-temp"/></extension><extension url="value"><valueString value="temp/pages"/></extension></extension><extension url="http://hl7.org/fhir/tools/StructureDefinition/ig-parameter"><extension url="code"><valueString value="path-output"/></extension><extension url="value"><valueString value="output"/></extension></extension><extension url="http://hl7.org/fhir/tools/StructureDefinition/ig-parameter"><extension url="code"><valueString value="path-suppressed-warnings"/></extension><extension url="value"><valueString value="input/ignoreWarnings.txt"/></extension></extension><extension url="http://hl7.org/fhir/tools/StructureDefinition/ig-parameter"><extension url="code"><valueString value="template-html"/></extension><extension url="value"><valueString value="template-page.html"/></extension></extension><extension url="http://hl7.org/fhir/tools/StructureDefinition/ig-parameter"><extension url="code"><valueString value="template-md"/></extension><extension url="value"><valueString value="template-page-md.html"/></extension></extension><extension url="http://hl7.org/fhir/tools/StructureDefinition/ig-parameter"><extension url="code"><valueString value="apply-contact"/></extension><extension url="value"><valueString value="true"/></extension></extension><extension url="http://hl7.org/fhir/tools/StructureDefinition/ig-parameter"><extension url="code"><valueString value="apply-context"/></extension><extension url="value"><valueString value="true"/></extension></extension><extension url="http://hl7.org/fhir/tools/StructureDefinition/ig-parameter"><extension url="code"><valueString value="apply-copyright"/></extension><extension url="value"><valueString value="true"/></extension></extension><extension url="http://hl7.org/fhir/tools/StructureDefinition/ig-parameter"><extension url="code"><valueString value="apply-jurisdiction"/></extension><extension url="value"><valueString value="true"/></extension></extension><extension url="http://hl7.org/fhir/tools/StructureDefinition/ig-parameter"><extension url="code"><valueString value="apply-license"/></extension><extension url="value"><valueString value="true"/></extension></extension><extension url="http://hl7.org/fhir/tools/StructureDefinition/ig-parameter"><extension url="code"><valueString value="apply-publisher"/></extension><extension url="value"><valueString value="true"/></extension></extension><extension url="http://hl7.org/fhir/tools/StructureDefinition/ig-parameter"><extension url="code"><valueString value="apply-version"/></extension><extension url="value"><valueString value="true"/></extension></extension><extension url="http://hl7.org/fhir/tools/StructureDefinition/ig-parameter"><extension url="code"><valueString value="active-tables"/></extension><extension url="value"><valueString value="true"/></extension></extension><grouping id="_str_profile"><name value="Structures: Resource Profiles"/><description value="These define constraints on FHIR resources for systems conforming to this implementation guide"/></grouping><grouping id="_str_extension"><name value="Structures: Extension Definitions"/><description value="These define constraints on FHIR data types for systems conforming to this implementation guide"/></grouping><grouping id="_term_valueset"><name value="Terminology: Value Sets"/><description value="These define sets of codes used by systems conforming to this implementation guide"/></grouping><grouping id="_term_codesystem"><name value="Terminology: Code Systems"/><description value="These define new code systems used by systems conforming to this implementation guide"/></grouping><grouping id="_ex_example"><name value="Example: Example Instances"/><description value="These are example instances that show what data produced and consumed by systems conforming with this implementation guide might look like"/></grouping><resource><extension url="http://hl7.org/fhir/StructureDefinition/implementationguide-page"><valueUri value="StructureDefinition-vaccine-credential-bundle.html"/></extension><reference><reference value="StructureDefinition/vaccine-credential-bundle"/></reference><name value="Vaccine Credential Bundle"/><description value="The bundle of resources that represents the clinical content of a digital vaccination record."/><exampleBoolean value="false"/><groupingId value="_str_profile"/></resource><resource><extension url="http://hl7.org/fhir/StructureDefinition/implementationguide-page"><valueUri value="StructureDefinition-vaccine-credential-immune-status.html"/></extension><reference><reference value="StructureDefinition/vaccine-credential-immune-status"/></reference><name value="Immune Status Profile"/><description value="Defines constraints and extensions on the observation resource for the minimal set of data to query and retrieve vaccine credential immune status."/><exampleBoolean value="false"/><groupingId value="_str_profile"/></resource><resource><extension url="http://hl7.org/fhir/StructureDefinition/implementationguide-page"><valueUri value="StructureDefinition-vaccine-credential-immunization.html"/></extension><reference><reference value="StructureDefinition/vaccine-credential-immunization"/></reference><name value="Immunization Profile"/><description value="Defines a profile representing a vaccination for a vaccine credential Health Card."/><exampleBoolean value="false"/><groupingId value="_str_profile"/></resource><resource><extension url="http://hl7.org/fhir/StructureDefinition/implementationguide-page"><valueUri value="StructureDefinition-vaccine-credential-patient.html"/></extension><reference><reference value="StructureDefinition/vaccine-credential-patient"/></reference><name value="Patient Profile"/><description value="***Currently this profile does not modify USCorePatientProfile, and can be removed if&#xA;                USCorePatientProfile is sufficient for our use cases.***"/><exampleBoolean value="false"/><groupingId value="_str_profile"/></resource><resource><extension url="http://hl7.org/fhir/StructureDefinition/implementationguide-page"><valueUri value="StructureDefinition-vaccine-credential-vaccine-reaction-observation.html"/></extension><reference><reference value="StructureDefinition/vaccine-credential-vaccine-reaction-observation"/></reference><name value="Vaccine Reaction Observation Profile"/><description value="Profile for reporting a reaction to a vaccine.&#xA;&#xA;This profile may not be necessary depending on the use cases for this IG, but it&#39;s included for now because&#xA;we wanted to have value sets corresponding to all the value sets in the IIS core data elements. In this&#xA;profile, VaccineCredentialVaccineReactionValueSet includes the IIS adverse reaction codes."/><exampleBoolean value="false"/><groupingId value="_str_profile"/></resource><resource><extension url="http://hl7.org/fhir/StructureDefinition/implementationguide-page"><valueUri value="StructureDefinition-vaccine-credential-target-disease.html"/></extension><reference><reference value="StructureDefinition/vaccine-credential-target-disease"/></reference><name value="Target disease of the observation"/><description value="Disease "/><exampleBoolean value="false"/><groupingId value="_str_extension"/></resource><resource><extension url="http://hl7.org/fhir/StructureDefinition/implementationguide-page"><valueUri value="ValueSet-vaccine-credential-antibody-result-value-set.html"/></extension><reference><reference value="ValueSet/vaccine-credential-antibody-result-value-set"/></reference><name value="Antibody results value set"/><description value="Result codes for SARS coronavirus 2 antibodies"/><exampleBoolean value="false"/><groupingId value="_term_valueset"/></resource><resource><extension url="http://hl7.org/fhir/StructureDefinition/implementationguide-page"><valueUri value="ValueSet-vaccine-credential-cvx-value-set.html"/></extension><reference><reference value="ValueSet/vaccine-credential-cvx-value-set"/></reference><name value="CVX codes value set"/><description value="Curated set of CVX codes for the vaccine credential Health Card"/><exampleBoolean value="false"/><groupingId value="_term_valueset"/></resource><resource><extension url="http://hl7.org/fhir/StructureDefinition/implementationguide-page"><valueUri value="ValueSet-vaccine-credential-funding-source-value-set.html"/></extension><reference><reference value="ValueSet/vaccine-credential-funding-source-value-set"/></reference><name value="Funding source value set"/><description value="Funding source for the vaccine"/><exampleBoolean value="false"/><groupingId value="_term_valueset"/></resource><resource><extension url="http://hl7.org/fhir/StructureDefinition/implementationguide-page"><valueUri value="ValueSet-vaccine-credential-report-origin-value-set.html"/></extension><reference><reference value="ValueSet/vaccine-credential-report-origin-value-set"/></reference><name value="Secondarily reported record source value set"/><description value="Source of secondarily reported records"/><exampleBoolean value="false"/><groupingId value="_term_valueset"/></resource><resource><extension url="http://hl7.org/fhir/StructureDefinition/implementationguide-page"><valueUri value="ValueSet-vaccine-credential-status-reason-value-set.html"/></extension><reference><reference value="ValueSet/vaccine-credential-status-reason-value-set"/></reference><name value="Status reason value set"/><description value="Reasons a vaccine was not given"/><exampleBoolean value="false"/><groupingId value="_term_valueset"/></resource><resource><extension url="http://hl7.org/fhir/StructureDefinition/implementationguide-page"><valueUri value="ValueSet-vaccine-credential-target-disease-value-set.html"/></extension><reference><reference value="ValueSet/vaccine-credential-target-disease-value-set"/></reference><name value="Target disease value set"/><description value="Disease targeted by the vaccination or other observation"/><exampleBoolean value="false"/><groupingId value="_term_valueset"/></resource><resource><extension url="http://hl7.org/fhir/StructureDefinition/implementationguide-page"><valueUri value="ValueSet-vaccine-credential-vaccine-reaction-value-set.html"/></extension><reference><reference value="ValueSet/vaccine-credential-vaccine-reaction-value-set"/></reference><name value="Adverse reaction value set"/><description value="Codes describing reactions to vaccinations"/><exampleBoolean value="false"/><groupingId value="_term_valueset"/></resource><resource><extension url="http://hl7.org/fhir/StructureDefinition/implementationguide-page"><valueUri value="ValueSet-vaccine-credential-vaccine-route-value-set.html"/></extension><reference><reference value="ValueSet/vaccine-credential-vaccine-route-value-set"/></reference><name value="Vaccination route value set"/><description value="How vaccine entered the body"/><exampleBoolean value="false"/><groupingId value="_term_valueset"/></resource><resource><extension url="http://hl7.org/fhir/StructureDefinition/implementationguide-page"><valueUri value="ValueSet-vaccine-credential-vaccine-site-value-set.html"/></extension><reference><reference value="ValueSet/vaccine-credential-vaccine-site-value-set"/></reference><name value="Body site for vaccine administration value set"/><description value="Body site vaccine was administered"/><exampleBoolean value="false"/><groupingId value="_term_valueset"/></resource><resource><extension url="http://hl7.org/fhir/StructureDefinition/implementationguide-page"><valueUri value="CodeSystem-vaccine-credential-other-code-cs.html"/></extension><reference><reference value="CodeSystem/vaccine-credential-other-code-cs"/></reference><name value="OtherCode Code System"/><description value="A code system containing codes that signify a code outside a specified value set has been used, using an &#39;Other ____, Specify&#39; approach."/><exampleBoolean value="false"/><groupingId value="_term_codesystem"/></resource><resource><extension url="http://hl7.org/fhir/StructureDefinition/implementationguide-page"><valueUri value="Immunization-ExampleImmunizationNoCVX.html"/></extension><reference><reference value="Immunization/ExampleImmunizationNoCVX"/></reference><name value="Example: Immunization where the CVX is not known"/><exampleCanonical value="http://hl7.org/fhir/us/vaccinecredential/StructureDefinition/vaccine-credential-immunization"/><groupingId value="_ex_example"/></resource><resource><extension url="http://hl7.org/fhir/StructureDefinition/implementationguide-page"><valueUri value="Bundle-Scenario1Bundle.html"/></extension><reference><reference value="Bundle/Scenario1Bundle"/></reference><name value="Scenario 1: Example Bundle"/><exampleCanonical value="http://hl7.org/fhir/us/vaccinecredential/StructureDefinition/vaccine-credential-bundle"/><groupingId value="_ex_example"/></resource><resource><extension url="http://hl7.org/fhir/StructureDefinition/implementationguide-page"><valueUri value="Immunization-Scenario1Immunization1.html"/></extension><reference><reference value="Immunization/Scenario1Immunization1"/></reference><name value="Scenario 1: Example Immunization 1"/><exampleCanonical value="http://hl7.org/fhir/us/vaccinecredential/StructureDefinition/vaccine-credential-immunization"/><groupingId value="_ex_example"/></resource><resource><extension url="http://hl7.org/fhir/StructureDefinition/implementationguide-page"><valueUri value="Immunization-Scenario1Immunization2.html"/></extension><reference><reference value="Immunization/Scenario1Immunization2"/></reference><name value="Scenario 1: Example Immunization 2"/><exampleCanonical value="http://hl7.org/fhir/us/vaccinecredential/StructureDefinition/vaccine-credential-immunization"/><groupingId value="_ex_example"/></resource><resource><extension url="http://hl7.org/fhir/StructureDefinition/implementationguide-page"><valueUri value="Location-Scenario1Location.html"/></extension><reference><reference value="Location/Scenario1Location"/></reference><name value="Scenario 1: Example Location"/><exampleBoolean value="true"/><groupingId value="_ex_example"/></resource><resource><extension url="http://hl7.org/fhir/StructureDefinition/implementationguide-page"><valueUri value="Patient-Scenario1Patient.html"/></extension><reference><reference value="Patient/Scenario1Patient"/></reference><name value="Scenario 1: Example Patient"/><exampleCanonical value="http://hl7.org/fhir/us/vaccinecredential/StructureDefinition/vaccine-credential-patient"/><groupingId value="_ex_example"/></resource><resource><extension url="http://hl7.org/fhir/StructureDefinition/implementationguide-page"><valueUri value="Bundle-Scenario2Bundle.html"/></extension><reference><reference value="Bundle/Scenario2Bundle"/></reference><name value="Scenario 2: Example Bundle"/><exampleCanonical value="http://hl7.org/fhir/us/vaccinecredential/StructureDefinition/vaccine-credential-bundle"/><groupingId value="_ex_example"/></resource><resource><extension url="http://hl7.org/fhir/StructureDefinition/implementationguide-page"><valueUri value="Immunization-Scenario2Immunization1.html"/></extension><reference><reference value="Immunization/Scenario2Immunization1"/></reference><name value="Scenario 2: Example Immunization 1"/><exampleCanonical value="http://hl7.org/fhir/us/vaccinecredential/StructureDefinition/vaccine-credential-immunization"/><groupingId value="_ex_example"/></resource><resource><extension url="http://hl7.org/fhir/StructureDefinition/implementationguide-page"><valueUri value="Immunization-Scenario2Immunization2.html"/></extension><reference><reference value="Immunization/Scenario2Immunization2"/></reference><name value="Scenario 2: Example Immunization 2"/><exampleCanonical value="http://hl7.org/fhir/us/vaccinecredential/StructureDefinition/vaccine-credential-immunization"/><groupingId value="_ex_example"/></resource><resource><extension url="http://hl7.org/fhir/StructureDefinition/implementationguide-page"><valueUri value="Location-Scenario2Location.html"/></extension><reference><reference value="Location/Scenario2Location"/></reference><name value="Scenario 2: Example Location"/><exampleBoolean value="true"/><groupingId value="_ex_example"/></resource><resource><extension url="http://hl7.org/fhir/StructureDefinition/implementationguide-page"><valueUri value="Patient-Scenario2Patient.html"/></extension><reference><reference value="Patient/Scenario2Patient"/></reference><name value="Scenario 2: Example Patient"/><exampleCanonical value="http://hl7.org/fhir/us/vaccinecredential/StructureDefinition/vaccine-credential-patient"/><groupingId value="_ex_example"/></resource><page><nameUrl value="toc.html"/><title value="Table of Contents"/><generation value="html"/><page><nameUrl value="index.html"/><title value="Home"/><generation value="markdown"/></page><page><nameUrl value="artifacts.html"/><title value="Artifacts Summary"/><generation value="html"/><page><nameUrl value="StructureDefinition-vaccine-credential-bundle.html"/><title value="Vaccine Credential Bundle"/><generation value="generated"/></page><page><nameUrl value="StructureDefinition-vaccine-credential-immune-status.html"/><title value="Immune Status Profile"/><generation value="generated"/></page><page><nameUrl value="StructureDefinition-vaccine-credential-immunization.html"/><title value="Immunization Profile"/><generation value="generated"/></page><page><nameUrl value="StructureDefinition-vaccine-credential-patient.html"/><title value="Patient Profile"/><generation value="generated"/></page><page><nameUrl value="StructureDefinition-vaccine-credential-vaccine-reaction-observation.html"/><title value="Vaccine Reaction Observation Profile"/><generation value="generated"/></page><page><nameUrl value="StructureDefinition-vaccine-credential-target-disease.html"/><title value="Target disease of the observation"/><generation value="generated"/></page><page><nameUrl value="ValueSet-vaccine-credential-antibody-result-value-set.html"/><title value="Antibody results value set"/><generation value="generated"/></page><page><nameUrl value="ValueSet-vaccine-credential-cvx-value-set.html"/><title value="CVX codes value set"/><generation value="generated"/></page><page><nameUrl value="ValueSet-vaccine-credential-funding-source-value-set.html"/><title value="Funding source value set"/><generation value="generated"/></page><page><nameUrl value="ValueSet-vaccine-credential-report-origin-value-set.html"/><title value="Secondarily reported record source value set"/><generation value="generated"/></page><page><nameUrl value="ValueSet-vaccine-credential-status-reason-value-set.html"/><title value="Status reason value set"/><generation value="generated"/></page><page><nameUrl value="ValueSet-vaccine-credential-target-disease-value-set.html"/><title value="Target disease value set"/><generation value="generated"/></page><page><nameUrl value="ValueSet-vaccine-credential-vaccine-reaction-value-set.html"/><title value="Adverse reaction value set"/><generation value="generated"/></page><page><nameUrl value="ValueSet-vaccine-credential-vaccine-route-value-set.html"/><title value="Vaccination route value set"/><generation value="generated"/></page><page><nameUrl value="ValueSet-vaccine-credential-vaccine-site-value-set.html"/><title value="Body site for vaccine administration value set"/><generation value="generated"/></page><page><nameUrl value="CodeSystem-vaccine-credential-other-code-cs.html"/><title value="OtherCode Code System"/><generation value="generated"/></page><page><nameUrl value="Immunization-ExampleImmunizationNoCVX.html"/><title value="Example: Immunization where the CVX is not known"/><generation value="generated"/></page><page><nameUrl value="Bundle-Scenario1Bundle.html"/><title value="Scenario 1: Example Bundle"/><generation value="generated"/></page><page><nameUrl value="Immunization-Scenario1Immunization1.html"/><title value="Scenario 1: Example Immunization 1"/><generation value="generated"/></page><page><nameUrl value="Immunization-Scenario1Immunization2.html"/><title value="Scenario 1: Example Immunization 2"/><generation value="generated"/></page><page><nameUrl value="Location-Scenario1Location.html"/><title value="Scenario 1: Example Location"/><generation value="generated"/></page><page><nameUrl value="Patient-Scenario1Patient.html"/><title value="Scenario 1: Example Patient"/><generation value="generated"/></page><page><nameUrl value="Bundle-Scenario2Bundle.html"/><title value="Scenario 2: Example Bundle"/><generation value="generated"/></page><page><nameUrl value="Immunization-Scenario2Immunization1.html"/><title value="Scenario 2: Example Immunization 1"/><generation value="generated"/></page><page><nameUrl value="Immunization-Scenario2Immunization2.html"/><title value="Scenario 2: Example Immunization 2"/><generation value="generated"/></page><page><nameUrl value="Location-Scenario2Location.html"/><title value="Scenario 2: Example Location"/><generation value="generated"/></page><page><nameUrl value="Patient-Scenario2Patient.html"/><title value="Scenario 2: Example Patient"/><generation value="generated"/></page></page></page><parameter><code value="path-resource"/><value value="input/capabilities"/></parameter><parameter><code value="path-resource"/><value value="input/examples"/></parameter><parameter><code value="path-resource"/><value value="input/extensions"/></parameter><parameter><code value="path-resource"/><value value="input/models"/></parameter><parameter><code value="path-resource"/><value value="input/operations"/></parameter><parameter><code value="path-resource"/><value value="input/profiles"/></parameter><parameter><code value="path-resource"/><value value="input/resources"/></parameter><parameter><code value="path-resource"/><value value="input/vocabulary"/></parameter><parameter><code value="path-resource"/><value value="input/maps"/></parameter><parameter><code value="path-resource"/><value value="input/testing"/></parameter><parameter><code value="path-resource"/><value value="input/history"/></parameter><parameter><code value="path-resource"/><value value="fsh-generated/resources"/></parameter><parameter><code value="path-pages"/><value value="template/config"/></parameter><parameter><code value="path-pages"/><value value="input/images"/></parameter><parameter><code value="path-tx-cache"/><value value="input-cache/txcache"/></parameter></definition></ImplementationGuide>