<?xml version="1.0" encoding="UTF-8"?><ValueSet xmlns="http://hl7.org/fhir"><id value="vaccine-credential-vaccine-reaction-value-set"/><text><status value="generated"/><div xmlns="http://www.w3.org/1999/xhtml"><ul><li>Include all codes defined in <code>https://phinvads.cdc.gov/vads/ViewValueSet.action?oid=2.16.840.1.114222.4.11.3288</code></li></ul></div></text><url value="http://hl7.org/fhir/us/vaccinecredential/ValueSet/vaccine-credential-vaccine-reaction-value-set"/><version value="0.1.0"/><name value="VaccineCredentialVaccineReactionValueSet"/><title value="Adverse reaction value set"/><status value="active"/><date value="2021-01-23T14:10:07-05:00"/><publisher value="TBD"/><contact><name value="TBD"/><telecom><system value="url"/><value value="http://example.com"/></telecom><telecom><system value="email"/><value value="example@example.com"/></telecom></contact><description value="Codes describing reactions to vaccinations"/><jurisdiction><coding><system value="urn:iso:std:iso:3166"/><code value="US"/><display value="United States of America"/></coding></jurisdiction><compose><include><system value="https://phinvads.cdc.gov/vads/ViewValueSet.action?oid=2.16.840.1.114222.4.11.3288"/></include></compose></ValueSet>