<?xml version="1.0" encoding="UTF-8"?><ValueSet xmlns="http://hl7.org/fhir"><id value="vaccine-credential-cvx-value-set"/><text><status value="generated"/><div xmlns="http://www.w3.org/1999/xhtml"><p>This value set includes codes based on the following rules:</p><ul><li>Include all codes defined in <a href="https://terminology.hl7.org/1.0.0//CodeSystem-CVX.html"><code>http://hl7.org/fhir/sid/cvx</code></a></li><li>Include these codes as defined in <a href="CodeSystem-vaccine-credential-other-code-cs.html"><code>http://hl7.org/fhir/us/vaccinecredential/CodeSystem/vaccine-credential-other-code-cs</code></a><table class="none"><tr><td style="white-space:nowrap"><b>Code</b></td><td><b>Display</b></td></tr><tr><td><a href="CodeSystem-vaccine-credential-other-code-cs.html#vaccine-credential-other-code-cs-OtherVaccine">OtherVaccine</a></td><td>Other vaccine without published CVX</td></tr></table></li></ul></div></text><url value="http://hl7.org/fhir/us/vaccinecredential/ValueSet/vaccine-credential-cvx-value-set"/><version value="0.1.0"/><name value="VaccineCredentialCVXValueSet"/><title value="CVX codes value set"/><status value="active"/><date value="2021-01-23T14:10:07-05:00"/><publisher value="TBD"/><contact><name value="TBD"/><telecom><system value="url"/><value value="http://example.com"/></telecom><telecom><system value="email"/><value value="example@example.com"/></telecom></contact><description value="Curated set of CVX codes for the vaccine credential Health Card"/><jurisdiction><coding><system value="urn:iso:std:iso:3166"/><code value="US"/><display value="United States of America"/></coding></jurisdiction><compose><include><system value="http://hl7.org/fhir/sid/cvx"/></include><include><system value="http://hl7.org/fhir/us/vaccinecredential/CodeSystem/vaccine-credential-other-code-cs"/><concept><code value="OtherVaccine"/></concept></include></compose></ValueSet>