<?xml version="1.0" encoding="UTF-8"?><ValueSet xmlns="http://hl7.org/fhir"><id value="vaccine-credential-antibody-result-value-set"/><text><status value="generated"/><div xmlns="http://www.w3.org/1999/xhtml"><p>This value set includes codes based on the following rules:</p><ul><li>Include these codes as defined in <a href="CodeSystem-vaccine-credential-other-code-cs.html"><code>http://hl7.org/fhir/us/vaccinecredential/CodeSystem/vaccine-credential-other-code-cs</code></a><table class="none"><tr><td style="white-space:nowrap"><b>Code</b></td><td><b>Display</b></td></tr><tr><td><a href="CodeSystem-vaccine-credential-other-code-cs.html#vaccine-credential-other-code-cs-OtherAntibodyResult">OtherAntibodyResult</a></td><td>Other antibody result</td></tr></table></li><li>Include these codes as defined in <a href="http://loinc.org"><code>http://loinc.org</code></a><table class="none"><tr><td style="white-space:nowrap"><b>Code</b></td><td><b>Display</b></td></tr><tr><td><a href="http://details.loinc.org/LOINC/LA6577-6.html">LA6577-6</a></td><td>Negative</td></tr><tr><td><a href="http://details.loinc.org/LOINC/LA6576-8.html">LA6576-8</a></td><td>Positive</td></tr></table></li></ul></div></text><url value="http://hl7.org/fhir/us/vaccinecredential/ValueSet/vaccine-credential-antibody-result-value-set"/><version value="0.1.0"/><name value="VaccineCredentialAntibodyResultValueSet"/><title value="Antibody results value set"/><status value="active"/><date value="2021-01-23T14:10:07-05:00"/><publisher value="TBD"/><contact><name value="TBD"/><telecom><system value="url"/><value value="http://example.com"/></telecom><telecom><system value="email"/><value value="example@example.com"/></telecom></contact><description value="Result codes for SARS coronavirus 2 antibodies"/><jurisdiction><coding><system value="urn:iso:std:iso:3166"/><code value="US"/><display value="United States of America"/></coding></jurisdiction><compose><include><system value="http://hl7.org/fhir/us/vaccinecredential/CodeSystem/vaccine-credential-other-code-cs"/><concept><code value="OtherAntibodyResult"/></concept></include><include><system value="http://loinc.org"/><concept><code value="LA6577-6"/><display value="Negative"/></concept><concept><code value="LA6576-8"/><display value="Positive"/></concept></include></compose></ValueSet>