{
  "resourceType": "Immunization",
  "id": "Scenario2Immunization1",
  "meta": {
    "profile": [
      "http://hl7.org/fhir/us/vaccinecredential/StructureDefinition/vaccine-credential-immunization"
    ]
  },
  "text": {
    "status": "generated",
    "div": "<div xmlns=\"http://www.w3.org/1999/xhtml\"><p><b>Generated Narrative</b></p><p><b>status</b>: completed</p><p><b>vaccineCode</b>: <span title=\"Codes: {http://hl7.org/fhir/sid/cvx 208}\">COVID-19, mRNA, LNP-S, PF, 30 mcg/0.3 mL dose</span></p><p><b>patient</b>: <a href=\"Patient-Scenario2Patient.html\">Generated Summary: Medical Record Number: m421 (USUAL); Jane C. Anyperson ; gender: male; birthDate: 1961-01-20</a></p><p><b>occurrence</b>: Dec 31, 2020, 7:45:33 PM</p><p><b>primarySource</b>: true</p><p><b>location</b>: <a href=\"Location-Scenario2Location.html\">Generated Summary: name: ABC Pharmacy</a></p><p><b>lotNumber</b>: Lot #0000001</p><h3>ProtocolApplieds</h3><table class=\"grid\"><tr><td>-</td><td><b>TargetDisease</b></td><td><b>DoseNumber[x]</b></td><td><b>SeriesDoses[x]</b></td></tr><tr><td>*</td><td><span title=\"Codes: {http://snomed.info/sct 840539006}\">COVID-19</span></td><td>1</td><td>2</td></tr></table></div>"
  },
  "status": "completed",
  "vaccineCode": {
    "coding": [
      {
        "system": "http://hl7.org/fhir/sid/cvx",
        "code": "208",
        "display": "COVID-19, mRNA, LNP-S, PF, 30 mcg/0.3 mL dose"
      }
    ]
  },
  "patient": {
    "reference": "Patient/Scenario2Patient"
  },
  "occurrenceDateTime": "2021-01-01T11:45:33+11:00",
  "primarySource": true,
  "location": {
    "reference": "Location/Scenario2Location"
  },
  "lotNumber": "Lot #0000001",
  "protocolApplied": [
    {
      "targetDisease": [
        {
          "coding": [
            {
              "system": "http://snomed.info/sct",
              "code": "840539006",
              "display": "COVID-19"
            }
          ]
        }
      ],
      "doseNumberPositiveInt": 1,
      "seriesDosesPositiveInt": 2
    }
  ]
}