{
  "resourceType": "ValueSet",
  "id": "vaccine-credential-vaccine-site-value-set",
  "text": {
    "status": "generated",
    "div": "<div xmlns=\"http://www.w3.org/1999/xhtml\"><p>This value set includes codes based on the following rules:</p><ul><li>Include all codes defined in <a href=\"https://terminology.hl7.org/1.0.0//CodeSystem-v2-0163.html\"><code>http://terminology.hl7.org/CodeSystem/v2-0163</code></a></li><li>Include all codes defined in <a href=\"https://terminology.hl7.org/1.0.0//CodeSystem-v3-ActSite.html\"><code>http://terminology.hl7.org/CodeSystem/v3-ActSite</code></a></li></ul></div>"
  },
  "url": "http://hl7.org/fhir/us/vaccinecredential/ValueSet/vaccine-credential-vaccine-site-value-set",
  "version": "0.1.0",
  "name": "VaccineCredentialVaccineSiteValueSet",
  "title": "Body site for vaccine administration value set",
  "status": "active",
  "date": "2021-01-23T14:10:07-05:00",
  "publisher": "TBD",
  "contact": [
    {
      "name": "TBD",
      "telecom": [
        {
          "system": "url",
          "value": "http://example.com"
        },
        {
          "system": "email",
          "value": "example@example.com"
        }
      ]
    }
  ],
  "description": "Body site vaccine was administered",
  "jurisdiction": [
    {
      "coding": [
        {
          "system": "urn:iso:std:iso:3166",
          "code": "US",
          "display": "United States of America"
        }
      ]
    }
  ],
  "compose": {
    "include": [
      {
        "system": "http://terminology.hl7.org/CodeSystem/v2-0163"
      },
      {
        "system": "http://terminology.hl7.org/CodeSystem/v3-ActSite"
      }
    ]
  }
}