{
  "resourceType": "ValueSet",
  "id": "vaccine-credential-antibody-result-value-set",
  "text": {
    "status": "generated",
    "div": "<div xmlns=\"http://www.w3.org/1999/xhtml\"><p>This value set includes codes based on the following rules:</p><ul><li>Include these codes as defined in <a href=\"CodeSystem-vaccine-credential-other-code-cs.html\"><code>http://hl7.org/fhir/us/vaccinecredential/CodeSystem/vaccine-credential-other-code-cs</code></a><table class=\"none\"><tr><td style=\"white-space:nowrap\"><b>Code</b></td><td><b>Display</b></td></tr><tr><td><a href=\"CodeSystem-vaccine-credential-other-code-cs.html#vaccine-credential-other-code-cs-OtherAntibodyResult\">OtherAntibodyResult</a></td><td>Other antibody result</td></tr></table></li><li>Include these codes as defined in <a href=\"http://loinc.org\"><code>http://loinc.org</code></a><table class=\"none\"><tr><td style=\"white-space:nowrap\"><b>Code</b></td><td><b>Display</b></td></tr><tr><td><a href=\"http://details.loinc.org/LOINC/LA6577-6.html\">LA6577-6</a></td><td>Negative</td></tr><tr><td><a href=\"http://details.loinc.org/LOINC/LA6576-8.html\">LA6576-8</a></td><td>Positive</td></tr></table></li></ul></div>"
  },
  "url": "http://hl7.org/fhir/us/vaccinecredential/ValueSet/vaccine-credential-antibody-result-value-set",
  "version": "0.1.0",
  "name": "VaccineCredentialAntibodyResultValueSet",
  "title": "Antibody results value set",
  "status": "active",
  "date": "2021-01-23T14:10:07-05:00",
  "publisher": "TBD",
  "contact": [
    {
      "name": "TBD",
      "telecom": [
        {
          "system": "url",
          "value": "http://example.com"
        },
        {
          "system": "email",
          "value": "example@example.com"
        }
      ]
    }
  ],
  "description": "Result codes for SARS coronavirus 2 antibodies",
  "jurisdiction": [
    {
      "coding": [
        {
          "system": "urn:iso:std:iso:3166",
          "code": "US",
          "display": "United States of America"
        }
      ]
    }
  ],
  "compose": {
    "include": [
      {
        "system": "http://hl7.org/fhir/us/vaccinecredential/CodeSystem/vaccine-credential-other-code-cs",
        "concept": [
          {
            "code": "OtherAntibodyResult"
          }
        ]
      },
      {
        "system": "http://loinc.org",
        "concept": [
          {
            "code": "LA6577-6",
            "display": "Negative"
          },
          {
            "code": "LA6576-8",
            "display": "Positive"
          }
        ]
      }
    ]
  }
}