{
  "resourceType": "ValueSet",
  "id": "vaccine-credential-status-reason-value-set",
  "text": {
    "status": "extensions",
    "div": "<div xmlns=\"http://www.w3.org/1999/xhtml\"><p>This value set includes codes based on the following rules:</p><ul><li>Include these codes as defined in <a href=\"https://terminology.hl7.org/1.0.0//CodeSystem-v3-ActReason.html\"><code>http://terminology.hl7.org/CodeSystem/v3-ActReason</code></a><table class=\"none\"><tr><td style=\"white-space:nowrap\"><b>Code</b></td><td><b>Display</b></td><td><b>Definition</b></td></tr><tr><td><a href=\"https://terminology.hl7.org/1.0.0//CodeSystem-v3-ActReason.html#v3-ActReason-IMMUNE\">IMMUNE</a></td><td>immunity</td><td>**Definition:**Testing has shown that the patient already has immunity to the agent targeted by the immunization.</td></tr><tr><td><a href=\"https://terminology.hl7.org/1.0.0//CodeSystem-v3-ActReason.html#v3-ActReason-MEDPREC\">MEDPREC</a></td><td>medical precaution</td><td>**Definition:**The patient currently has a medical condition for which the vaccine is contraindicated or for which precaution is warranted.</td></tr><tr><td><a href=\"https://terminology.hl7.org/1.0.0//CodeSystem-v3-ActReason.html#v3-ActReason-OSTOCK\">OSTOCK</a></td><td>product out of stock</td><td>**Definition:**There was no supply of the product on hand to perform the service.</td></tr><tr><td><a href=\"https://terminology.hl7.org/1.0.0//CodeSystem-v3-ActReason.html#v3-ActReason-PATOBJ\">PATOBJ</a></td><td>patient objection</td><td>**Definition:**The patient or their guardian objects to receiving the vaccine.</td></tr></table></li><li>Include all codes defined in <code>https://phinvads.cdc.gov/vads/ViewValueSet.action?oid=2.16.840.1.114222.4.11.3380</code></li></ul></div>"
  },
  "url": "http://hl7.org/fhir/us/vaccinecredential/ValueSet/vaccine-credential-status-reason-value-set",
  "version": "0.1.0",
  "name": "VaccineCredentialStatusReasonValueSet",
  "title": "Status reason value set",
  "status": "active",
  "date": "2021-01-23T14:10:07-05:00",
  "publisher": "TBD",
  "contact": [
    {
      "name": "TBD",
      "telecom": [
        {
          "system": "url",
          "value": "http://example.com"
        },
        {
          "system": "email",
          "value": "example@example.com"
        }
      ]
    }
  ],
  "description": "Reasons a vaccine was not given",
  "jurisdiction": [
    {
      "coding": [
        {
          "system": "urn:iso:std:iso:3166",
          "code": "US",
          "display": "United States of America"
        }
      ]
    }
  ],
  "compose": {
    "include": [
      {
        "system": "http://terminology.hl7.org/CodeSystem/v3-ActReason",
        "concept": [
          {
            "code": "IMMUNE"
          },
          {
            "code": "MEDPREC"
          },
          {
            "code": "OSTOCK"
          },
          {
            "code": "PATOBJ"
          }
        ]
      },
      {
        "system": "https://phinvads.cdc.gov/vads/ViewValueSet.action?oid=2.16.840.1.114222.4.11.3380"
      }
    ]
  }
}