{
  "package": "hl7.fhir.us.vaccinecredential",
  "version": "0.1.0",
  "fhirVersion": "4.0.1",
  "jurisdiction": "US",
  "extensions": [
    {
      "url": "http://hl7.org/fhir/us/vaccinecredential/StructureDefinition/vaccine-credential-target-disease",
      "title": "Target disease of the observation",
      "types": [
        "CodeableConcept"
      ]
    }
  ],
  "profiles": {
    "Bundle": [
      {
        "url": "http://hl7.org/fhir/us/vaccinecredential/StructureDefinition/vaccine-credential-bundle",
        "title": "Vaccine Credential Bundle"
      }
    ],
    "Observation": [
      {
        "url": "http://hl7.org/fhir/us/vaccinecredential/StructureDefinition/vaccine-credential-vaccine-reaction-observation",
        "title": "Vaccine Reaction Observation Profile"
      }
    ],
    "Immunization": [
      {
        "url": "http://hl7.org/fhir/us/vaccinecredential/StructureDefinition/vaccine-credential-immunization",
        "title": "Immunization Profile"
      }
    ],
    "Patient": [
      {
        "url": "http://hl7.org/fhir/us/vaccinecredential/StructureDefinition/vaccine-credential-patient",
        "title": "Patient Profile"
      }
    ]
  },
  "usage": {
    "http://hl7.org/fhir/StructureDefinition/elementdefinition-bestpractice": [
      "StructureDefinition.differential.element.constraint",
      "StructureDefinition.snapshot.element.constraint"
    ],
    "http://hl7.org/fhir/StructureDefinition/elementdefinition-bestpractice-explanation": [
      "StructureDefinition.snapshot.element.constraint"
    ],
    "http://hl7.org/fhir/StructureDefinition/elementdefinition-bindingName": [
      "StructureDefinition.snapshot.element.binding"
    ],
    "http://hl7.org/fhir/StructureDefinition/elementdefinition-isCommonBinding": [
      "StructureDefinition.snapshot.element.binding"
    ],
    "http://hl7.org/fhir/StructureDefinition/elementdefinition-maxValueSet": [
      "StructureDefinition.snapshot.element.binding"
    ],
    "http://hl7.org/fhir/StructureDefinition/structuredefinition-category": [
      "StructureDefinition"
    ],
    "http://hl7.org/fhir/StructureDefinition/structuredefinition-display-hint": [
      "StructureDefinition.snapshot.element"
    ],
    "http://hl7.org/fhir/StructureDefinition/structuredefinition-explicit-type-name": [
      "StructureDefinition.snapshot.element"
    ],
    "http://hl7.org/fhir/StructureDefinition/structuredefinition-fhir-type": [
      "StructureDefinition.snapshot.element.type"
    ],
    "http://hl7.org/fhir/StructureDefinition/structuredefinition-hierarchy": [
      "StructureDefinition.snapshot.element.type"
    ],
    "http://hl7.org/fhir/StructureDefinition/structuredefinition-security-category": [
      "StructureDefinition"
    ],
    "http://hl7.org/fhir/StructureDefinition/structuredefinition-standards-status": [
      "StructureDefinition.snapshot.element"
    ],
    "http://hl7.org/fhir/tools/StructureDefinition/ig-parameter": [
      "ImplementationGuide.definition"
    ],
    "http://hl7.org/fhir/tools/StructureDefinition/resource-information": [
      "ImplementationGuide.definition.resource"
    ],
    "http://hl7.org/fhir/us/core/StructureDefinition/us-core-birthsex": [
      "Patient"
    ],
    "http://hl7.org/fhir/us/core/StructureDefinition/us-core-ethnicity": [
      "Patient"
    ],
    "http://hl7.org/fhir/us/core/StructureDefinition/us-core-race": [
      "Patient"
    ],
    "http://hl7.org/fhir/us/vaccinecredential/StructureDefinition/vaccine-credential-target-disease": [
      "Observation"
    ]
  }
}