<?xml version="1.0" encoding="UTF-8"?>

<ValueSet xmlns="http://hl7.org/fhir">
  <id value="vaccine-credential-target-disease-value-set"/>
  <text>
    <status value="generated"/><div xmlns="http://www.w3.org/1999/xhtml"><ul><li>Include codes from <a href="http://www.snomed.org/"><code>http://snomed.info/sct</code></a> where concept  is-a  40733004 (Infectious disease)</li></ul></div>
  </text>
  <url value="http://hl7.org/fhir/us/vaccinecredential/ValueSet/vaccine-credential-target-disease-value-set"/>
  <version value="0.1.0"/>
  <name value="VaccineCredentialTargetDiseaseValueSet"/>
  <title value="Target disease value set"/>
  <status value="active"/>
  <date value="2021-01-23T14:10:07-05:00"/>
  <publisher value="TBD"/>
  <contact>
    <name value="TBD"/>
    <telecom>
      <system value="url"/>
      <value value="http://example.com"/>
    </telecom>
    <telecom>
      <system value="email"/>
      <value value="example@example.com"/>
    </telecom>
  </contact>
  <description value="Disease targeted by the vaccination or other observation"/>
  <jurisdiction>
    <coding>
      <system value="urn:iso:std:iso:3166"/>
      <code value="US"/>
      <display value="United States of America"/>
    </coding>
  </jurisdiction>
  <compose>
    <include>
      <system value="http://snomed.info/sct"/>
      <filter>
        <property value="concept"/>
        <op value="is-a"/>
        <value value="40733004"/>
      </filter>
    </include>
  </compose>
</ValueSet>