{
  "resourceType": "ValueSet",
  "id": "vaccine-credential-target-disease-value-set",
  "text": {
    "status": "generated",
    "div": "<div xmlns=\"http://www.w3.org/1999/xhtml\"><ul><li>Include codes from <a href=\"http://www.snomed.org/\"><code>http://snomed.info/sct</code></a> where concept  is-a  40733004 (Infectious disease)</li></ul></div>"
  },
  "url": "http://hl7.org/fhir/us/vaccinecredential/ValueSet/vaccine-credential-target-disease-value-set",
  "version": "0.1.0",
  "name": "VaccineCredentialTargetDiseaseValueSet",
  "title": "Target disease value set",
  "status": "active",
  "date": "2021-01-23T14:10:07-05:00",
  "publisher": "TBD",
  "contact": [
    {
      "name": "TBD",
      "telecom": [
        {
          "system": "url",
          "value": "http://example.com"
        },
        {
          "system": "email",
          "value": "example@example.com"
        }
      ]
    }
  ],
  "description": "Disease targeted by the vaccination or other observation",
  "jurisdiction": [
    {
      "coding": [
        {
          "system": "urn:iso:std:iso:3166",
          "code": "US",
          "display": "United States of America"
        }
      ]
    }
  ],
  "compose": {
    "include": [
      {
        "system": "http://snomed.info/sct",
        "filter": [
          {
            "property": "concept",
            "op": "is-a",
            "value": "40733004"
          }
        ]
      }
    ]
  }
}