<?xml version="1.0" encoding="UTF-8"?>

<ValueSet xmlns="http://hl7.org/fhir">
  <id value="vaccine-credential-vaccine-site-value-set"/>
  <text>
    <status value="generated"/><div xmlns="http://www.w3.org/1999/xhtml"><p>This value set includes codes based on the following rules:</p><ul><li>Include all codes defined in <a href="https://terminology.hl7.org/1.0.0//CodeSystem-v2-0163.html"><code>http://terminology.hl7.org/CodeSystem/v2-0163</code></a></li><li>Include all codes defined in <a href="https://terminology.hl7.org/1.0.0//CodeSystem-v3-ActSite.html"><code>http://terminology.hl7.org/CodeSystem/v3-ActSite</code></a></li></ul></div>
  </text>
  <url value="http://hl7.org/fhir/us/vaccinecredential/ValueSet/vaccine-credential-vaccine-site-value-set"/>
  <version value="0.1.0"/>
  <name value="VaccineCredentialVaccineSiteValueSet"/>
  <title value="Body site for vaccine administration value set"/>
  <status value="active"/>
  <date value="2021-01-23T14:10:07-05:00"/>
  <publisher value="TBD"/>
  <contact>
    <name value="TBD"/>
    <telecom>
      <system value="url"/>
      <value value="http://example.com"/>
    </telecom>
    <telecom>
      <system value="email"/>
      <value value="example@example.com"/>
    </telecom>
  </contact>
  <description value="Body site vaccine was administered"/>
  <jurisdiction>
    <coding>
      <system value="urn:iso:std:iso:3166"/>
      <code value="US"/>
      <display value="United States of America"/>
    </coding>
  </jurisdiction>
  <compose>
    <include>
      <system value="http://terminology.hl7.org/CodeSystem/v2-0163"/>
    </include>
    <include>
      <system value="http://terminology.hl7.org/CodeSystem/v3-ActSite"/>
    </include>
  </compose>
</ValueSet>